data/demo/demo_0, 000060, 194, 201, GVWY, 0, 22, 0.000000, SHVR, 2, 22, 0.090909, SNPR, 0, 22, 0.000000, ZIC, 101, 22, 4.590909, ZIP, 0, 22, 0.000000, ZIPSH, 0, 22, 0.000000, 
data/demo/demo_0, 000060, 194, 201, GVWY, 115, 22, 5.227273, SHVR, 23, 22, 1.045455, SNPR, 0, 22, 0.000000, ZIC, 101, 22, 4.590909, ZIP, 0, 22, 0.000000, ZIPSH, 0, 22, 0.000000, 
data/demo/demo_0, 000060, 194, 201, GVWY, 115, 22, 5.227273, SHVR, 125, 22, 5.681818, SNPR, 0, 22, 0.000000, ZIC, 101, 22, 4.590909, ZIP, 71, 22, 3.227273, ZIPSH, 0, 22, 0.000000, 
data/demo/demo_0, 000060, 195, 224, GVWY, 163, 22, 7.409091, SHVR, 125, 22, 5.681818, SNPR, 0, 22, 0.000000, ZIC, 101, 22, 4.590909, ZIP, 71, 22, 3.227273, ZIPSH, 0, 22, 0.000000, 
data/demo/demo_0, 000060, 195, 224, GVWY, 163, 22, 7.409091, SHVR, 125, 22, 5.681818, SNPR, 0, 22, 0.000000, ZIC, 101, 22, 4.590909, ZIP, 142, 22, 6.454545, ZIPSH, 39, 22, 1.772727, 
data/demo/demo_0, 000060, 194, 224, GVWY, 186, 22, 8.454545, SHVR, 246, 22, 11.181818, SNPR, 0, 22, 0.000000, ZIC, 101, 22, 4.590909, ZIP, 142, 22, 6.454545, ZIPSH, 39, 22, 1.772727, 
data/demo/demo_0, 000060, 190, 224, GVWY, 186, 22, 8.454545, SHVR, 246, 22, 11.181818, SNPR, 0, 22, 0.000000, ZIC, 101, 22, 4.590909, ZIP, 175, 22, 7.954545, ZIPSH, 139, 22, 6.318182, 
data/demo/demo_0, 000060, 183, 224, GVWY, 186, 22, 8.454545, SHVR, 246, 22, 11.181818, SNPR, 0, 22, 0.000000, ZIC, 101, 22, 4.590909, ZIP, 230, 22, 10.454545, ZIPSH, 139, 22, 6.318182, 
data/demo/demo_0, 000060, 189, 224, GVWY, 186, 22, 8.454545, SHVR, 246, 22, 11.181818, SNPR, 0, 22, 0.000000, ZIC, 148, 22, 6.727273, ZIP, 230, 22, 10.454545, ZIPSH, 258, 22, 11.727273, 
data/demo/demo_0, 000060, 206, 227, GVWY, 234, 22, 10.636364, SHVR, 246, 22, 11.181818, SNPR, 0, 22, 0.000000, ZIC, 148, 22, 6.727273, ZIP, 230, 22, 10.454545, ZIPSH, 258, 22, 11.727273, 
data/demo/demo_0, 000060, 206, 235, GVWY, 286, 22, 13.000000, SHVR, 246, 22, 11.181818, SNPR, 0, 22, 0.000000, ZIC, 148, 22, 6.727273, ZIP, 230, 22, 10.454545, ZIPSH, 258, 22, 11.727273, 
data/demo/demo_0, 000060, 193, 234, GVWY, 286, 22, 13.000000, SHVR, 246, 22, 11.181818, SNPR, 0, 22, 0.000000, ZIC, 148, 22, 6.727273, ZIP, 230, 22, 10.454545, ZIPSH, 372, 22, 16.909091, 
data/demo/demo_0, 000060, 192, 234, GVWY, 286, 22, 13.000000, SHVR, 246, 22, 11.181818, SNPR, 0, 22, 0.000000, ZIC, 148, 22, 6.727273, ZIP, 230, 22, 10.454545, ZIPSH, 483, 22, 21.954545, 
data/demo/demo_0, 000060, 192, 234, GVWY, 286, 22, 13.000000, SHVR, 246, 22, 11.181818, SNPR, 0, 22, 0.000000, ZIC, 292, 22, 13.272727, ZIP, 230, 22, 10.454545, ZIPSH, 483, 22, 21.954545, 
data/demo/demo_0, 000061, 193, 215, GVWY, 286, 22, 13.000000, SHVR, 319, 22, 14.500000, SNPR, 0, 22, 0.000000, ZIC, 292, 22, 13.272727, ZIP, 230, 22, 10.454545, ZIPSH, 547, 22, 24.863636, 
data/demo/demo_0, 000061, 193, 215, GVWY, 286, 22, 13.000000, SHVR, 437, 22, 19.863636, SNPR, 0, 22, 0.000000, ZIC, 292, 22, 13.272727, ZIP, 230, 22, 10.454545, ZIPSH, 580, 22, 26.363636, 
data/demo/demo_0, 000061, 193, 214, GVWY, 286, 22, 13.000000, SHVR, 437, 22, 19.863636, SNPR, 0, 22, 0.000000, ZIC, 292, 22, 13.272727, ZIP, 230, 22, 10.454545, ZIPSH, 632, 22, 28.727273, 
data/demo/demo_0, 000061, 193, 215, GVWY, 286, 22, 13.000000, SHVR, 472, 22, 21.454545, SNPR, 0, 22, 0.000000, ZIC, 292, 22, 13.272727, ZIP, 310, 22, 14.090909, ZIPSH, 632, 22, 28.727273, 
data/demo/demo_0, 000062, 198, 209, GVWY, 286, 22, 13.000000, SHVR, 564, 22, 25.636364, SNPR, 0, 22, 0.000000, ZIC, 392, 22, 17.818182, ZIP, 310, 22, 14.090909, ZIPSH, 632, 22, 28.727273, 
data/demo/demo_0, 000064, 200, 202, GVWY, 286, 22, 13.000000, SHVR, 612, 22, 27.818182, SNPR, 0, 22, 0.000000, ZIC, 437, 22, 19.863636, ZIP, 310, 22, 14.090909, ZIPSH, 632, 22, 28.727273, 
data/demo/demo_0, 000064, 199, 202, GVWY, 286, 22, 13.000000, SHVR, 745, 22, 33.863636, SNPR, 0, 22, 0.000000, ZIC, 437, 22, 19.863636, ZIP, 310, 22, 14.090909, ZIPSH, 632, 22, 28.727273, 
data/demo/demo_0, 000065, 200, 201, GVWY, 286, 22, 13.000000, SHVR, 832, 22, 37.818182, SNPR, 0, 22, 0.000000, ZIC, 437, 22, 19.863636, ZIP, 315, 22, 14.318182, ZIPSH, 632, 22, 28.727273, 
data/demo/demo_0, 000065, 199, 201, GVWY, 286, 22, 13.000000, SHVR, 934, 22, 42.454545, SNPR, 0, 22, 0.000000, ZIC, 437, 22, 19.863636, ZIP, 315, 22, 14.318182, ZIPSH, 670, 22, 30.454545, 
data/demo/demo_0, 000066, 200, 201, GVWY, 286, 22, 13.000000, SHVR, 934, 22, 42.454545, SNPR, 0, 22, 0.000000, ZIC, 449, 22, 20.409091, ZIP, 339, 22, 15.409091, ZIPSH, 670, 22, 30.454545, 
data/demo/demo_0, 000067, 199, 201, GVWY, 286, 22, 13.000000, SHVR, 934, 22, 42.454545, SNPR, 0, 22, 0.000000, ZIC, 529, 22, 24.045455, ZIP, 340, 22, 15.454545, ZIPSH, 670, 22, 30.454545, 
data/demo/demo_0, 000067, 199, 201, GVWY, 286, 22, 13.000000, SHVR, 934, 22, 42.454545, SNPR, 0, 22, 0.000000, ZIC, 529, 22, 24.045455, ZIP, 366, 22, 16.636364, ZIPSH, 670, 22, 30.454545, 
data/demo/demo_0, 000073, 199, 200, GVWY, 286, 22, 13.000000, SHVR, 934, 22, 42.454545, SNPR, 0, 22, 0.000000, ZIC, 571, 22, 25.954545, ZIP, 366, 22, 16.636364, ZIPSH, 702, 22, 31.909091, 
data/demo/demo_0, 000073, 198, 200, GVWY, 286, 22, 13.000000, SHVR, 934, 22, 42.454545, SNPR, 0, 22, 0.000000, ZIC, 630, 22, 28.636364, ZIP, 366, 22, 16.636364, ZIPSH, 728, 22, 33.090909, 
data/demo/demo_0, 000079, 198, 205, GVWY, 286, 22, 13.000000, SHVR, 934, 22, 42.454545, SNPR, 0, 22, 0.000000, ZIC, 639, 22, 29.045455, ZIP, 366, 22, 16.636364, ZIPSH, 760, 22, 34.545455, 
data/demo/demo_0, 000082, 197, 205, GVWY, 286, 22, 13.000000, SHVR, 934, 22, 42.454545, SNPR, 0, 22, 0.000000, ZIC, 654, 22, 29.727273, ZIP, 366, 22, 16.636364, ZIPSH, 760, 22, 34.545455, 
data/demo/demo_0, 000120, 122, 200, GVWY, 358, 22, 16.272727, SHVR, 934, 22, 42.454545, SNPR, 0, 22, 0.000000, ZIC, 692, 22, 31.454545, ZIP, 366, 22, 16.636364, ZIPSH, 760, 22, 34.545455, 
data/demo/demo_0, 000120, 183, 198, GVWY, 358, 22, 16.272727, SHVR, 1062, 22, 48.272727, SNPR, 0, 22, 0.000000, ZIC, 692, 22, 31.454545, ZIP, 366, 22, 16.636364, ZIPSH, 802, 22, 36.454545, 
data/demo/demo_0, 000120, 188, 198, GVWY, 358, 22, 16.272727, SHVR, 1062, 22, 48.272727, SNPR, 0, 22, 0.000000, ZIC, 692, 22, 31.454545, ZIP, 473, 22, 21.500000, ZIPSH, 802, 22, 36.454545, 
data/demo/demo_0, 000120, 188, 192, GVWY, 469, 22, 21.318182, SHVR, 1062, 22, 48.272727, SNPR, 0, 22, 0.000000, ZIC, 692, 22, 31.454545, ZIP, 473, 22, 21.500000, ZIPSH, 835, 22, 37.954545, 
data/demo/demo_0, 000120, 190, 198, GVWY, 469, 22, 21.318182, SHVR, 1062, 22, 48.272727, SNPR, 0, 22, 0.000000, ZIC, 753, 22, 34.227273, ZIP, 530, 22, 24.090909, ZIPSH, 835, 22, 37.954545, 
data/demo/demo_0, 000120, 190, 191, GVWY, 469, 22, 21.318182, SHVR, 1073, 22, 48.772727, SNPR, 0, 22, 0.000000, ZIC, 753, 22, 34.227273, ZIP, 634, 22, 28.818182, ZIPSH, 835, 22, 37.954545, 
data/demo/demo_0, 000120, 190, 192, GVWY, 472, 22, 21.454545, SHVR, 1073, 22, 48.772727, SNPR, 0, 22, 0.000000, ZIC, 753, 22, 34.227273, ZIP, 634, 22, 28.818182, ZIPSH, 862, 22, 39.181818, 
data/demo/demo_0, 000120, 191, 198, GVWY, 472, 22, 21.454545, SHVR, 1197, 22, 54.409091, SNPR, 0, 22, 0.000000, ZIC, 753, 22, 34.227273, ZIP, 634, 22, 28.818182, ZIPSH, 923, 22, 41.954545, 
data/demo/demo_0, 000121, 192, 197, GVWY, 472, 22, 21.454545, SHVR, 1240, 22, 56.363636, SNPR, 0, 22, 0.000000, ZIC, 766, 22, 34.818182, ZIP, 634, 22, 28.818182, ZIPSH, 923, 22, 41.954545, 
data/demo/demo_0, 000121, 191, 197, GVWY, 492, 22, 22.363636, SHVR, 1264, 22, 57.454545, SNPR, 0, 22, 0.000000, ZIC, 766, 22, 34.818182, ZIP, 634, 22, 28.818182, ZIPSH, 923, 22, 41.954545, 
data/demo/demo_0, 000121, 192, 196, GVWY, 569, 22, 25.863636, SHVR, 1264, 22, 57.454545, SNPR, 0, 22, 0.000000, ZIC, 766, 22, 34.818182, ZIP, 634, 22, 28.818182, ZIPSH, 1024, 22, 46.545455, 
data/demo/demo_0, 000121, 192, 197, GVWY, 652, 22, 29.636364, SHVR, 1264, 22, 57.454545, SNPR, 0, 22, 0.000000, ZIC, 766, 22, 34.818182, ZIP, 634, 22, 28.818182, ZIPSH, 1092, 22, 49.636364, 
data/demo/demo_0, 000121, 192, 193, GVWY, 652, 22, 29.636364, SHVR, 1448, 22, 65.818182, SNPR, 0, 22, 0.000000, ZIC, 766, 22, 34.818182, ZIP, 634, 22, 28.818182, ZIPSH, 1092, 22, 49.636364, 
data/demo/demo_0, 000121, 192, 193, GVWY, 652, 22, 29.636364, SHVR, 1548, 22, 70.363636, SNPR, 0, ZIC, ZIC, 1ZIPZIC, 766, 22, 34.818182, ZIP, 634, 22, 28.818182, ZIPSH, 1092, 22, 49.636364, 
data/demo/demo_0, 000121, 192, 195, GVWY, 652, 22, 29.636364, SHVR, 1623, 22, 73.772727, SNPR, 0, 22, 0.000000, ZIC, 766, 22, 34.818182, ZIP, 651, 22, 29.590909, ZIPSH, 1092, 22, 49.636364, 
data/demo/demo_0, 000121, 192, 198, GVWY, 652, 22, 29.636364, SHVR, 1623, 22, 73.772727, SNPR, 0, 22, 0.000000, ZIC, 879, 22, 39.954545, ZIP, 651, 22, 29.590909, ZIPSH, 1200, 22, 54.545455, 
data/demo/demo_0, 000122, 192, 196, GVWY, 652, 22, 29.636364, SHVR, 1623, 22, 73.772727, SNPR, 0, 22, 0.000000, ZIC, 914, 22, 41.545455, ZIP, 679, 22, 30.863636, ZIPSH, 1200, 22, 54.545455, 
data/demo/demo_0, 000122, 193, 196, GVWY, 652, 22, 29.636364, SHVR, 1702, 22, 77.363636, SNPR, 0, 22, 0.000000, ZIC, 954, 22, 43.363636, ZIP, 679, 22, 30.863636, ZIPSH, 1200, 22, 54.545455, 
data/demo/demo_0, 000122, 192, 194, GVWY, 652, 22, 29.636364, SHVR, 1702, 22, 77.363636, SNPR, 0, 22, 0.000000, ZIC, 1027, 22, 46.681818, ZIP, 679, 22, 30.863636, ZIPSH, 1245, 22, 56.590909, 
data/demo/demo_0, 000123, 193, 195, GVWY, 652, 22, 29.636364, SHVR, 1702, 22, 77.363636, SNPR, 0, 22, 0.000000, ZIC, 1027, 22, 46.681818, ZIP, 679, 22, 30.863636, ZIPSH, 1311, 22, 59.590909, 
data/demo/demo_0, 000123, 193, 196, GVWY, 652, 22, 29.636364, SHVR, 1702, 22, 77.363636, SNPR, 0, 22, 0.000000, ZIC, 1027, 22, 46.681818, ZIP, 756, 22, 34.363636, ZIPSH, 1311, 22, 59.590909, 
data/demo/demo_0, 000123, 192, 196, GVWY, 652, 22, 29.636364, SHVR, 1702, 22, 77.363636, SNPR, 0, 22, 0.000000, ZIC, 1027, 22, 46.681818, ZIP, 756, 22, 34.363636, ZIPSH, 1392, 22, 63.272727, 
data/demo/demo_0, 000123, 191, 198, GVWY, 652, 22, 29.636364, SHVR, 1702, 22, 77.363636, SNPR, 0, 22, 0.000000, ZIC, 1027, 22, 46.681818, ZIP, 756, 22, 34.363636, ZIPSH, 1455, 22, 66.136364, 
data/demo/demo_0, 000123, 191, 206, GVWY, 652, 22, 29.636364, SHVR, 1702, 22, 77.363636, SNPR, 0, 22, 0.000000, ZIC, 1130, 22, 51.363636, ZIP, 756, 22, 34.363636, ZIPSH, 1455, 22, 66.136364, 
data/demo/demo_0, 000127, 195, 199, GVWY, 652, 22, 29.636364, SHVR, 1825, 22, 82.954545, SNPR, 0, 22, 0.000000, ZIC, 1236, 22, 56.181818, ZIP, 756, 22, 34.363636, ZIPSH, 1455, 22, 66.136364, 
data/demo/demo_0, 000129, 195, 201, GVWY, 652, 22, 29.636364, SHVR, 1834, 22, 83.363636, SNPR, 0, 22, 0.000000, ZIC, 1236, 22, 56.181818, ZIP, 765, 22, 34.772727, ZIPSH, 1455, 22, 66.136364, 
data/demo/demo_0, 000129, 194, 201, GVWY, 652, 22, 29.636364, SHVR, 1834, 22, 83.363636, SNPR, 0, 22, 0.000000, ZIC, 1248, 22, 56.727273, ZIP, 797, 22, 36.227273, ZIPSH, 1455, 22, 66.136364, 
data/demo/demo_0, 000130, 194, 206, GVWY, 652, 22, 29.636364, SHVR, 1834, 22, 83.363636, SNPR, 0, 22, 0.000000, ZIC, 1293, 22, 58.772727, ZIP, 797, 22, 36.227273, ZIPSH, 1455, 22, 66.136364, 
data/demo/demo_0, 000146, 194, 209, GVWY, 652, 22, 29.636364, SHVR, 1834, 22, 83.363636, SNPR, 0, 22, 0.000000, ZIC, 1300, 22, 59.090909, ZIP, 797, 22, 36.227273, ZIPSH, 1455, 22, 66.136364, 
data/demo/demo_0, 000180, 196, 204, GVWY, 652, 22, 29.636364, SHVR, 1834, 22, 83.363636, SNPR, 0, 22, 0.000000, ZIC, 1300, 22, 59.090909, ZIP, 797, 22, 36.227273, ZIPSH, 1587, 22, 72.136364, 
data/demo/demo_0, 000180, 197, 198, GVWY, 677, 22, 30.772727, SHVR, 1834, 22, 83.363636, SNPR, 0, 22, 0.000000, ZIC, 1300, 22, 59.090909, ZIP, 805, 22, 36.590909, ZIPSH, 1587, 22, 72.136364, 
data/demo/demo_0, 000180, 197, 199, GVWY, 677, 22, 30.772727, SHVR, 1934, 22, 87.909091, SNPR, 0, 22, 0.000000, ZIC, 1300, 22, 59.090909, ZIP, 805, 22, 36.590909, ZIPSH, 1587, 22, 72.136364, 
data/demo/demo_0, 000180, 198, 199, GVWY, 677, 22, 30.772727, SHVR, 2055, 22, 93.409091, SNPR, 0, 22, 0.000000, ZIC, 1300, 22, 59.090909, ZIP, 805, 22, 36.590909, ZIPSH, 1644, 22, 74.727273, 
data/demo/demo_0, 000180, 198, 200, GVWY, 727, 22, 33.045455, SHVR, 2055, 22, 93.409091, SNPR, 0, 22, 0.000000, ZIC, 1300, 22, 59.090909, ZIP, 805, 22, 36.590909, ZIPSH, 1679, 22, 76.318182, 
data/demo/demo_0, 000180, 197, 200, GVWY, 727, 22, 33.045455, SHVR, 2125, 22, 96.590909, SNPR, 0, 22, 0.000000, ZIC, 1407, 22, 63.954545, ZIP, 805, 22, 36.590909, ZIPSH, 1679, 22, 76.318182, 
data/demo/demo_0, 000180, 198, 200, GVWY, 727, 22, 33.045455, SHVR, 2238, 22, 101.727273, SNPR, 0, 22, 0.000000, ZIC, 1407, 22, 63.954545, ZIP, 805, 22, 36.590909, ZIPSH, 1784, 22, 81.090909, 
data/demo/demo_0, 000180, 198, 201, GVWY, 727, 22, 33.045455, SHVR, 2251, 22, 102.318182, SNPR, 0, 22, 0.000000, ZIC, 1515, 22, 68.863636, ZIP, 805, 22, 36.590909, ZIPSH, 1784, 22, 81.090909, 
data/demo/demo_0, 000180, 198, 200, GVWY, 727, 22, 33.045455, SHVR, 2337, 22, 106.227273, SNPR, 0, 22, 0.000000, ZIC, 1515, 22, 68.863636, ZIP, 826, 22, 37.545455, ZIPSH, 1784, 22, 81.090909, 
data/demo/demo_0, 000180, 198, 201, GVWY, 799, 22, 36.318182, SHVR, 2439, 22, 110.863636, SNPR, 0, 22, 0.000000, ZIC, 1515, 22, 68.863636, ZIP, 826, 22, 37.545455, ZIPSH, 1784, 22, 81.090909, 
data/demo/demo_0, 000181, 198, 201, GVWY, 878, 22, 39.909091, SHVR, 2460, 22, 111.818182, SNPR, 0, 22, 0.000000, ZIC, 1515, 22, 68.863636, ZIP, 826, 22, 37.545455, ZIPSH, 1784, 22, 81.090909, 
data/demo/demo_0, 000181, 199, 201, GVWY, 878, 22, 39.909091, SHVR, 2460, 22, 111.818182, SNPR, 0, 22, 0.000000, ZIC, 1567, 22, 71.227273, ZIP, 826, 22, 37.545455, ZIPSH, 1784, 22, 81.090909, 
data/demo/demo_0, 000181, 199, 200, GVWY, 878, 22, 39.909091, SHVR, 2576, 22, 117.090909, SNPR, 0, 22, 0.000000, ZIC, 1567, 22, 71.227273, ZIP, 891, 22, 40.500000, ZIPSH, 1784, 22, 81.090909, 
data/demo/demo_0, 000181, 199, 201, GVWY, 878, 22, 39.909091, SHVR, 2673, 22, 121.500000, SNPR, 0, 22, 0.000000, ZIC, 1567, 22, 71.227273, ZIP, 891, 22, 40.500000, ZIPSH, 1853, 22, 84.227273, 
data/demo/demo_0, 000181, 199, 201, GVWY, 878, 22, 39.909091, SHVR, 2673, 22, 121.500000, SNPR, 0, 22, 0.000000, ZIC, 1667, 22, 75.772727, ZIP, 968, 22, 44.000000, ZIPSH, 1853, 22, 84.227273, 
data/demo/demo_0, 000182, 198, 200, GVWY, 878, 22, 39.909091, SHVR, 2719, 22, 123.590909, SNPR, 0, 22, 0.000000, ZIC, 1667, 22, 75.772727, ZIP, 970, 22, 44.090909, ZIPSH, 1853, 22, 84.227273, 
data/demo/demo_0, 000182, 198, 200, GVWY, 997, 22, 45.318182, SHVR, 2719, 22, 123.590909, SNPR, 0, 22, 0.000000, ZIC, 1667, 22, 75.772727, ZIP, 970, 22, 44.090909, ZIPSH, 1896, 22, 86.181818, 
data/demo/demo_0, 000182, 198, 200, GVWY, 997, 22, 45.318182, SHVR, 2719, 22, 123.590909, SNPR, 0, 22, 0.000000, ZIC, 1726, 22, 78.454545, ZIP, 970, 22, 44.090909, ZIPSH, 1929, 22, 87.681818, 
data/demo/demo_0, 000184, 198, 199, GVWY, 997, 22, 45.318182, SHVR, 2719, 22, 123.590909, SNPR, 0, 22, 0.000000, ZIC, 1804, 22, 82.000000, ZIP, 970, 22, 44.090909, ZIPSH, 1955, 22, 88.863636, 
data/demo/demo_0, 000185, 198, 199, GVWY, 997, 22, 45.318182, SHVR, 2719, 22, 123.590909, SNPR, 0, 22, 0.000000, ZIC, 1819, 22, 82.681818, ZIP, 970, 22, 44.090909, ZIPSH, 1955, 22, 88.863636, 
data/demo/demo_0, 000185, 198, 199, GVWY, 997, 22, 45.318182, SHVR, 2719, 22, 123.590909, SNPR, 0, 22, 0.000000, ZIC, 1860, 22, 84.545455, ZIP, 1066, 22, 48.454545, ZIPSH, 1955, 22, 88.863636, 
data/demo/demo_0, 000186, 198, 200, GVWY, 997, 22, 45.318182, SHVR, 2720, 22, 123.636364, SNPR, 0, 22, 0.000000, ZIC, 1896, 22, 86.181818, ZIP, 1066, 22, 48.454545, ZIPSH, 1955, 22, 88.863636, 
data/demo/demo_0, 000186, 198, 200, GVWY, 997, 22, 45.318182, SHVR, 2720, 22, 123.636364, SNPR, 0, 22, 0.000000, ZIC, 1942, 22, 88.272727, ZIP, 1072, 22, 48.727273, ZIPSH, 1955, 22, 88.863636, 
data/demo/demo_0, 000206, 198, 200, GVWY, 997, 22, 45.318182, SHVR, 2720, 22, 123.636364, SNPR, 0, 22, 0.000000, ZIC, 1952, 22, 88.727273, ZIP, 1095, 22, 49.772727, ZIPSH, 1955, 22, 88.863636, 
data/demo/demo_0, 000207, 197, 200, GVWY, 997, 22, 45.318182, SHVR, 2720, 22, 123.636364, SNPR, 0, 22, 0.000000, ZIC, 1952, 22, 88.727273, ZIP, 1095, 22, 49.772727, ZIPSH, 2106, 22, 95.727273, 
data/demo/demo_0, 000207, 197, 200, GVWY, 997, 22, 45.318182, SHVR, 2720, 22, 123.636364, SNPR, 0, 22, 0.000000, ZIC, 1952, 22, 88.727273, ZIP, 1095, 22, 49.772727, ZIPSH, 2220, 22, 100.909091, 
data/demo/demo_0, 000208, 197, 198, GVWY, 997, 22, 45.318182, SHVR, 2720, 22, 123.636364, SNPR, 0, 22, 0.000000, ZIC, 1952, 22, 88.727273, ZIP, 1172, 22, 53.272727, ZIPSH, 2220, 22, 100.909ZIC, 3data/demo/demo_0, 000240, 196, 279, GVWY, 997, 22, 45.318182, SHVR, 2843, 22, 129.227273, SNPR, 0, 22, 0.000000, ZIC, 1952, 22, 88.727273, ZIP, 1219, 22, 55.409091, ZIPSH, 2220, 22, 100.909091, 
data/demo/demo_0, 000240, 198, 224, GVWY, 997, 22, 45.318182, SHVR, 2843, 22, 129.227273, SNPR, 0, 22, 0.000000, ZIC, 1952, 22, 88.727273, ZIP, 1219, 22, 55.409091, ZIPSH, 2331, 22, 105.954545, 
data/demo/demo_0, 000240, 197, 207, GVWY, 997, 22, 45.318182, SHVR, 2843, 22, 129.227273, SNPR, 0, 22, 0.000000, ZIC, 1952, 22, 88.727273, ZIP, 1293, 22, 58.772727, ZIPSH, 2331, 22, 105.954545, 
data/demo/demo_0, 000240, 197, 205, GVWY, 997, 22, 45.318182, SHVR, 2843, 22, 129.227273, SNPR, 0, 22, 0.000000, ZIC, 1952, 22, 88.727273, ZIP, 1293, 22, 58.772727, ZIPSH, 2468, 22, 112.181818, 
data/demo/demo_0, 000240, 197, 206, GVWY, 997, 22, 45.318182, SHVR, 2935, 22, 133.409091, SNPR, 0, 22, 0.000000, ZIC, 1952, 22, 88.727273, ZIP, 1293, 22, 58.772727, ZIPSH, 2523, 22, 114.681818, 
data/demo/demo_0, 000240, 197, 205, GVWY, 997, 22, 45.318182, SHVR, 2935, 22, 133.409091, SNPR, 0, 22, 0.000000, ZIC, 1952, 22, 88.727273, ZIP, 1293, 22, 58.772727, ZIPSH, 2671, 22, 121.409091, 
data/demo/demo_0, 000240, 194, 205, GVWY, 997, 22, 45.318182, SHVR, 2954, 22, 134.272727, SNPR, 0, 22, 0.000000, ZIC, 2058, 22, 93.545455, ZIP, 1293, 22, 58.772727, ZIPSH, 2671, 22, 121.409091, 
data/demo/demo_0, 000240, 190, 204, GVWY, 997, 22, 45.318182, SHVR, 2954, 22, 134.272727, SNPR, 0, 22, 0.000000, ZIC, 2095, 22, 95.227273, ZIP, 1293, 22, 58.772727, ZIPSH, 2671, 22, 121.409091, 
data/demo/demo_0, 000240, 190, 205, GVWY, 1072, 22, 48.727273, SHVR, 2979, 22, 135.409091, SNPR, 0, 22, 0.000000, ZIC, 2095, 22, 95.227273, ZIP, 1293, 22, 58.772727, ZIPSH, 2671, 22, 121.409091, 
data/demo/demo_0, 000240, 198, 201, GVWY, 1072, 22, 48.727273, SHVR, 3048, 22, 138.545455, SNPR, 0, 22, 0.000000, ZIC, 2095, 22, 95.227273, ZIP, 1316, 22, 59.818182, ZIPSH, 2671, 22, 121.409091, 
data/demo/demo_0, 000241, 200, 201, GVWY, 1072, 22, 48.727273, SHVR, 3048, 22, 138.545455, SNPR, 0, 22, 0.000000, ZIC, 2095, 22, 95.227273, ZIP, 1372, 22, 62.363636, ZIPSH, 2671, 22, 121.409091, 
data/demo/demo_0, 000241, 199, 201, GVWY, 1100, 22, 50.000000, SHVR, 3160, 22, 143.636364, SNPR, 0, 22, 0.000000, ZIC, 2095, 22, 95.227273, ZIP, 1372, 22, 62.363636, ZIPSH, 2671, 22, 121.409091, 
data/demo/demo_0, 000241, 199, 201, GVWY, 1171, 22, 53.227273, SHVR, 3160, 22, 143.636364, SNPR, 0, 22, 0.000000, ZIC, 2095, 22, 95.227273, ZIP, 1438, 22, 65.363636, ZIPSH, 2671, 22, 121.409091, 
data/demo/demo_0, 000241, 199, 200, GVWY, 1171, 22, 53.227273, SHVR, 3378, 22, 153.545455, SNPR, 0, 22, 0.000000, ZIC, 2095, 22, 95.227273, ZIP, 1438, 22, 65.363636, ZIPSH, 2671, 22, 121.409091, 
data/demo/demo_0, 000241, 198, 200, GVWY, 1171, 22, 53.227273, SHVR, 3461, 22, 157.318182, SNPR, 0, 22, 0.000000, ZIC, 2095, 22, 95.227273, ZIP, 1438, 22, 65.363636, ZIPSH, 2703, 22, 122.863636, 
data/demo/demo_0, 000241, 198, 200, GVWY, 1289, 22, 58.590909, SHVR, 3461, 22, 157.318182, SNPR, 0, 22, 0.000000, ZIC, 2095, 22, 95.227273, ZIP, 1460, 22, 66.363636, ZIPSH, 2703, 22, 122.863636, 
data/demo/demo_0, 000241, 198, 200, GVWY, 1338, 22, 60.818182, SHVR, 3463, 22, 157.409091, SNPR, 0, 22, 0.000000, ZIC, 2095, 22, 95.227273, ZIP, 1460, 22, 66.363636, ZIPSH, 2703, 22, 122.863636, 
data/demo/demo_0, 000241, 198, 201, GVWY, 1338, 22, 60.818182, SHVR, 3463, 22, 157.409091, SNPR, 0, 22, 0.000000, ZIC, 2196, 22, 99.818182, ZIP, 1460, 22, 66.363636, ZIPSH, 2735, 22, 124.318182, 
data/demo/demo_0, 000241, 199, 202, GVWY, 1338, 22, 60.818182, SHVR, 3463, 22, 157.409091, SNPR, 0, 22, 0.000000, ZIC, 2204, 22, 100.181818, ZIP, 1460, 22, 66.363636, ZIPSH, 2775, 22, 126.136364, 
data/demo/demo_0, 000241, 200, 203, GVWY, 1338, 22, 60.818182, SHVR, 3463, 22, 157.409091, SNPR, 0, 22, 0.000000, ZIC, 2255, 22, 102.500000, ZIP, 1460, 22, 66.363636, ZIPSH, 2849, 22, 129.500000, 
data/demo/demo_0, 000242, 198, 201, GVWY, 1338, 22, 60.818182, SHVR, 3573, 22, 162.409091, SNPR, 0, 22, 0.000000, ZIC, 2255, 22, 102.500000, ZIP, 1460, 22, 66.363636, ZIPSH, 2849, 22, 129.500000, 
data/demo/demo_0, 000242, 200, 206, GVWY, 1338, 22, 60.818182, SHVR, 3573, 22, 162.409091, SNPR, 0, 22, 0.000000, ZIC, 2362, 22, 107.363636, ZIP, 1467, 22, 66.681818, ZIPSH, 2849, 22, 129.500000, 
data/demo/demo_0, 000246, 200, 201, GVWY, 1338, 22, 60.818182, SHVR, 3620, 22, 164.545455, SNPR, 0, 22, 0.000000, ZIC, 2362, 22, 107.363636, ZIP, 1561, 22, 70.954545, ZIPSH, 2849, 22, 129.500000, 
data/demo/demo_0, 000246, 199, 201, GVWY, 1338, 22, 60.818182, SHVR, 3620, 22, 164.545455, SNPR, 0, 22, 0.000000, ZIC, 2442, 22, 111.000000, ZIP, 1561, 22, 70.954545, ZIPSH, 2887, 22, 131.227273, 
data/demo/demo_0, 000248, 199, 202, GVWY, 1338, 22, 60.818182, SHVR, 3620, 22, 164.545455, SNPR, 0, 22, 0.000000, ZIC, 2442, 22, 111.000000, ZIP, 1566, 22, 71.181818, ZIPSH, 2945, 22, 133.863636, 
data/demo/demo_0, 000249, 199, 206, GVWY, 1338, 22, 60.818182, SHVR, 3620, 22, 164.545455, SNPR, 0, 22, 0.000000, ZIC, 2442, 22, 111.000000, ZIP, 1593, 22, 72.409091, ZIPSH, 3014, 22, 137.000000, 
data/demo/demo_0, 000252, 199, 209, GVWY, 1338, 22, 60.818182, SHVR, 3620, 22, 164.545455, SNPR, 0, 22, 0.000000, ZIC, 2471, 22, 112.318182, ZIP, 1594, 22, 72.454545, ZIPSH, 3014, 22, 137.000000, 
data/demo/demo_0, 000255, 190, 209, GVWY, 1338, 22, 60.818182, SHVR, 3620, 22, 164.545455, SNPR, 0, 22, 0.000000, ZIC, 2531, 22, 115.045455, ZIP, 1596, 22, 72.545455, ZIPSH, 3014, 22, 137.000000, 
data/demo/demo_0, 000256, 190, 223, GVWY, 1338, 22, 60.818182, SHVR, 3620, 22, 164.545455, SNPR, 0, 22, 0.000000, ZIC, 2568, 22, 116.727273, ZIP, 1596, 22, 72.545455, ZIPSH, 3014, 22, 137.000000, 
data/demo/demo_0, 000298, 183, 223, GVWY, 1338, 22, 60.818182, SHVR, 3620, 22, 164.545455, SNPR, 0, 22, 0.000000, ZIC, 2575, 22, 117.045455, ZIP, 1596, 22, 72.545455, ZIPSH, 3014, 22, 137.000000, 
data/demo/demo_0, 000300, 95, 202, GVWY, 1338, 22, 60.818182, SHVR, 3620, 22, 164.545455, SNPR, 0, 22, 0.000000, ZIC, 2590, 22, 117.727273, ZIP, 1596, 22, 72.545455, ZIPSH, 3139, 22, 142.681818, 
data/demo/demo_0, 000300, 168, 202, GVWY, 1353, 22, 61.500000, SHVR, 3620, 22, 164.545455, SNPR, 0, 22, 0.000000, ZIC, 2590, 22, 117.727273, ZIP, 1596, 22, 72.545455, ZIPSH, 3176, 22, 144.363636, 
data/demo/demo_0, 000300, 183, 201, GVWY, 1403, 22, 63.772727, SHVR, 3620, 22, 164.545455, SNPR, 0, 22, 0.000000, ZIC, 2590, 22, 117.727273, ZIP, 1596, 22, 72.545455, ZIPSH, 3207, 22, 145.772727, 
data/demo/demo_0, 000300, 188, 200, GVWY, 1403, 22, 63.772727, SHVR, 3721, 22, 169.136364, SNPR, 0, 22, 0.000000, ZIC, 2603, 22, 118.318182, ZIP, 1596, 22, 72.545455, ZIPSH, 3207, 22, 145.772727, 
data/demo/demo_0, 000300, 191, 196, GVWY, 1490, 22, 67.727273, SHVR, 3721, 22, 169.136364, SNPR, 0, 22, 0.000000, ZIC, 2603, 22, 118.318182, ZIP, 1596, 22, 72.545455, ZIPSH, 3305, 22, 150.227273, 
data/demo/demo_0, 000301, 192, 193, GVWY, 1490, 22, 67.727273, SHVR, 3721, 22, 169.136364, SNPR, 0, 22, 0.000000, ZIC, 2718, 22, 123.545455, ZIP, 1654, 22, 75.181818, ZIPSH, 3305, 22, 150.227273, 
data/demo/demo_0, 000301, 192, 194, GVWY, 1490, 22, 67.727273, SHVR, 3825, 22, 173.863636, SNPR, 0, 22, 0.000000, ZIC, 2718, 22, 123.545455, ZIP, 1654, 22, 75.181818, ZIPSH, 3337, 22, 151.681818, 
data/demo/demo_0, 000301, 192, 194, GVWY, 1490, 22, 67.727273, SHVR, 3962, 22, 180.090909, SNPR, 0, 22, 0.000000, ZIC, 2718, 22, 123.545455, ZIP, 1654, 22, 75.181818, ZIPSH, 3337, 22, 151.681818, 
data/demo/demo_0, 000301, 192, 194, GVWY, 1490, 22, 67.727273, SHVR, 3967, 22, 180.318182, SNPR, 0, 22, 0.000000, ZIC, 2718, 22, 123.545455, ZIP, 1654, 22, 75.181818, ZIPSH, 3388, 22, 154.000000, 
data/demo/demo_0, 000301, 192, 194, GVWY, 1490, 22, 67.727273, SHVR, 3991, 22, 181.409091, SNPR, 0, 22, 0.000000, ZIC, 2771, 22, 125.954545, ZIP, 1654, 22, 75.181818, ZIPSH, 3388, 22, 154.000000, 
data/demo/demo_0, 000301, 192, 194, GVWY, 1490, 22, 67.727273, SHVR, 4187, 22, 190.318182, SNPR, 0, 22, 0.000000, ZIC, 2771, 22, 125.954545, ZIP, 1654, 22, 75.181818, ZIPSH, 3388, 22, 154.000000, 
data/demo/demo_0, 000301, 192, 194, GVWY, 1490, 22, 67.727273, SHVR, 4262, 22, 193.727273, SNPR, 0, 22, 0.000000, ZIP, 6390, 22, 290.4545ZIPSZIP, 1654, 22, 75.181818, ZIPSH, 3453, 22, 156.954545, 
data/demo/demo_0, 000301, 192, 194, GVWY, 1490, 22, 67.727273, SHVR, 4262, 22, 193.727273, SNPR, 0, 22, 0.000000, ZIC, 2824, 22, 128.363636, ZIP, 1654, 22, 75.181818, ZIPSH, 3515, 22, 159.772727, 
data/demo/demo_0, 000302, 192, 194, GVWY, 1490, 22, 67.727273, SHVR, 4341, 22, 197.318182, SNPR, 0, 22, 0.000000, ZIC, 2824, 22, 128.363636, ZIP, 1682, 22, 76.454545, ZIPSH, 3515, 22, 159.772727, 
data/demo/demo_0, 000302, 191, 193, GVWY, 1490, 22, 67.727273, SHVR, 4341, 22, 197.318182, SNPR, 0, 22, 0.000000, ZIC, 2833, 22, 128.772727, ZIP, 1682, 22, 76.454545, ZIPSH, 3565, 22, 162.045455, 
data/demo/demo_0, 000302, 191, 192, GVWY, 1490, 22, 67.727273, SHVR, 4345, 22, 197.500000, SNPR, 0, 22, 0.000000, ZIC, 2833, 22, 128.772727, ZIP, 1682, 22, 76.454545, ZIPSH, 3612, 22, 164.181818, 
data/demo/demo_0, 000302, 191, 193, GVWY, 1492, 22, 67.818182, SHVR, 4345, 22, 197.500000, SNPR, 0, 22, 0.000000, ZIC, 2833, 22, 128.772727, ZIP, 1698, 22, 77.181818, ZIPSH, 3612, 22, 164.181818, 
data/demo/demo_0, 000302, 190, 193, GVWY, 1603, 22, 72.863636, SHVR, 4345, 22, 197.500000, SNPR, 0, 22, 0.000000, ZIC, 2833, 22, 128.772727, ZIP, 1698, 22, 77.181818, ZIPSH, 3696, 22, 168.000000, 
data/demo/demo_0, 000302, 190, 193, GVWY, 1603, 22, 72.863636, SHVR, 4345, 22, 197.500000, SNPR, 0, 22, 0.000000, ZIC, 2875, 22, 130.681818, ZIP, 1698, 22, 77.181818, ZIPSH, 3725, 22, 169.318182, 
data/demo/demo_0, 000303, 191, 194, GVWY, 1682, 22, 76.454545, SHVR, 4345, 22, 197.500000, SNPR, 0, 22, 0.000000, ZIC, 2875, 22, 130.681818, ZIP, 1741, 22, 79.136364, ZIPSH, 3725, 22, 169.318182, 
data/demo/demo_0, 000303, 191, 194, GVWY, 1682, 22, 76.454545, SHVR, 4345, 22, 197.500000, SNPR, 0, 22, 0.000000, ZIC, 2983, 22, 135.590909, ZIP, 1810, 22, 82.272727, ZIPSH, 3725, 22, 169.318182, 
data/demo/demo_0, 000304, 191, 195, GVWY, 1682, 22, 76.454545, SHVR, 4512, 22, 205.090909, SNPR, 0, 22, 0.000000, ZIC, 2983, 22, 135.590909, ZIP, 1810, 22, 82.272727, ZIPSH, 3725, 22, 169.318182, 
data/demo/demo_0, 000304, 190, 194, GVWY, 1682, 22, 76.454545, SHVR, 4512, 22, 205.090909, SNPR, 0, 22, 0.000000, ZIC, 2983, 22, 135.590909, ZIP, 1846, 22, 83.909091, ZIPSH, 3829, 22, 174.045455, 
data/demo/demo_0, 000305, 190, 194, GVWY, 1682, 22, 76.454545, SHVR, 4512, 22, 205.090909, SNPR, 0, 22, 0.000000, ZIC, 3083, 22, 140.136364, ZIP, 1856, 22, 84.363636, ZIPSH, 3829, 22, 174.045455, 
data/demo/demo_0, 000306, 190, 194, GVWY, 1682, 22, 76.454545, SHVR, 4512, 22, 205.090909, SNPR, 0, 22, 0.000000, ZIC, 3117, 22, 141.681818, ZIP, 1870, 22, 85.000000, ZIPSH, 3829, 22, 174.045455, 
data/demo/demo_0, 000313, 191, 198, GVWY, 1682, 22, 76.454545, SHVR, 4512, 22, 205.090909, SNPR, 0, 22, 0.000000, ZIC, 3176, 22, 144.363636, ZIP, 1870, 22, 85.000000, ZIPSH, 3829, 22, 174.045455, 
data/demo/demo_0, 000342, 191, 201, GVWY, 1682, 22, 76.454545, SHVR, 4512, 22, 205.090909, SNPR, 0, 22, 0.000000, ZIC, 3187, 22, 144.863636, ZIP, 1870, 22, 85.000000, ZIPSH, 3829, 22, 174.045455, 
data/demo/demo_0, 000360, 190, 224, GVWY, 1759, 22, 79.954545, SHVR, 4512, 22, 205.090909, SNPR, 0, 22, 0.000000, ZIC, 3187, 22, 144.863636, ZIP, 1870, 22, 85.000000, ZIPSH, 3863, 22, 175.590909, 
data/demo/demo_0, 000360, 190, 283, GVWY, 1759, 22, 79.954545, SHVR, 4512, 22, 205.090909, SNPR, 0, 22, 0.000000, ZIC, 3216, 22, 146.181818, ZIP, 1870, 22, 85.000000, ZIPSH, 3863, 22, 175.590909, 
data/demo/demo_0, 000360, 192, 201, GVWY, 1759, 22, 79.954545, SHVR, 4514, 22, 205.181818, SNPR, 0, 22, 0.000000, ZIC, 3216, 22, 146.181818, ZIP, 1870, 22, 85.000000, ZIPSH, 3887, 22, 176.681818, 
data/demo/demo_0, 000360, 190, 201, GVWY, 1759, 22, 79.954545, SHVR, 4514, 22, 205.181818, SNPR, 0, 22, 0.000000, ZIC, 3317, 22, 150.772727, ZIP, 1870, 22, 85.000000, ZIPSH, 3937, 22, 178.954545, 
data/demo/demo_0, 000360, 190, 202, GVWY, 1759, 22, 79.954545, SHVR, 4514, 22, 205.181818, SNPR, 0, 22, 0.000000, ZIC, 3317, 22, 150.772727, ZIP, 1870, 22, 85.000000, ZIPSH, 4026, 22, 183.000000, 
data/demo/demo_0, 000360, 190, 197, GVWY, 1777, 22, 80.772727, SHVR, 4514, 22, 205.181818, SNPR, 0, 22, 0.000000, ZIC, 3317, 22, 150.772727, ZIP, 1870, 22, 85.000000, ZIPSH, 4111, 22, 186.863636, 
data/demo/demo_0, 000360, 195, 198, GVWY, 1777, 22, 80.772727, SHVR, 4728, 22, 214.909091, SNPR, 0, 22, 0.000000, ZIC, 3317, 22, 150.772727, ZIP, 1870, 22, 85.000000, ZIPSH, 4111, 22, 186.863636, 
data/demo/demo_0, 000360, 196, 198, GVWY, 1777, 22, 80.772727, SHVR, 4729, 22, 214.954545, SNPR, 0, 22, 0.000000, ZIC, 3317, 22, 150.772727, ZIP, 1891, 22, 85.954545, ZIPSH, 4111, 22, 186.863636, 
data/demo/demo_0, 000360, 196, 204, GVWY, 1777, 22, 80.772727, SHVR, 4729, 22, 214.954545, SNPR, 0, 22, 0.000000, ZIC, 3420, 22, 155.454545, ZIP, 1891, 22, 85.954545, ZIPSH, 4215, 22, 191.590909, 
data/demo/demo_0, 000361, 196, 199, GVWY, 1777, 22, 80.772727, SHVR, 4913, 22, 223.318182, SNPR, 0, 22, 0.000000, ZIC, 3420, 22, 155.454545, ZIP, 1891, 22, 85.954545, ZIPSH, 4215, 22, 191.590909, 
data/demo/demo_0, 000361, 196, 198, GVWY, 1777, 22, 80.772727, SHVR, 5050, 22, 229.545455, SNPR, 0, 22, 0.000000, ZIC, 3420, 22, 155.454545, ZIP, 1891, 22, 85.954545, ZIPSH, 4215, 22, 191.590909, 
data/demo/demo_0, 000361, 196, 200, GVWY, 1777, 22, 80.772727, SHVR, 5050, 22, 229.545455, SNPR, 0, 22, 0.000000, ZIC, 3420, 22, 155.454545, ZIP, 1891, 22, 85.954545, ZIPSH, 4366, 22, 198.454545, 
data/demo/demo_0, 000361, 196, 200, GVWY, 1893, 22, 86.045455, SHVR, 5050, 22, 229.545455, SNPR, 0, 22, 0.000000, ZIC, 3420, 22, 155.454545, ZIP, 1896, 22, 86.181818, ZIPSH, 4366, 22, 198.454545, 
data/demo/demo_0, 000361, 196, 198, GVWY, 1893, 22, 86.045455, SHVR, 5173, 22, 235.136364, SNPR, 0, 22, 0.000000, ZIC, 3420, 22, 155.454545, ZIP, 1958, 22, 89.000000, ZIPSH, 4366, 22, 198.454545, 
data/demo/demo_0, 000361, 197, 198, GVWY, 1974, 22, 89.727273, SHVR, 5173, 22, 235.136364, SNPR, 0, 22, 0.000000, ZIC, 3420, 22, 155.454545, ZIP, 2006, 22, 91.181818, ZIPSH, 4366, 22, 198.454545, 
data/demo/demo_0, 000362, 197, 201, GVWY, 2024, 22, 92.000000, SHVR, 5173, 22, 235.136364, SNPR, 0, 22, 0.000000, ZIC, 3420, 22, 155.454545, ZIP, 2006, 22, 91.181818, ZIPSH, 4401, 22, 200.045455, 
data/demo/demo_0, 000362, 196, 198, GVWY, 2024, 22, 92.000000, SHVR, 5183, 22, 235.590909, SNPR, 0, 22, 0.000000, ZIC, 3420, 22, 155.454545, ZIP, 2036, 22, 92.545455, ZIPSH, 4401, 22, 200.045455, 
data/demo/demo_0, 000363, 196, 198, GVWY, 2024, 22, 92.000000, SHVR, 5283, 22, 240.136364, SNPR, 0, 22, 0.000000, ZIC, 3420, 22, 155.454545, ZIP, 2036, 22, 92.545455, ZIPSH, 4401, 22, 200.045455, 
data/demo/demo_0, 000363, 196, 197, GVWY, 2024, 22, 92.000000, SHVR, 5283, 22, 240.136364, SNPR, 0, 22, 0.000000, ZIC, 3477, 22, 158.045455, ZIP, 2060, 22, 93.636364, ZIPSH, 4401, 22, 200.045455, 
data/demo/demo_0, 000364, 196, 198, GVWY, 2024, 22, 92.000000, SHVR, 5326, 22, 242.090909, SNPR, 0, 22, 0.000000, ZIC, 3477, 22, 158.045455, ZIP, 2069, 22, 94.045455, ZIPSH, 4401, 22, 200.045455, 
data/demo/demo_0, 000364, 196, 199, GVWY, 2024, 22, 92.000000, SHVR, 5326, 22, 242.090909, SNPR, 0, 22, 0.000000, ZIC, 3488, 22, 158.545455, ZIP, 2143, 22, 97.409091, ZIPSH, 4401, 22, 200.045455, 
data/demo/demo_0, 000365, 196, 199, GVWY, 2024, 22, 92.000000, SHVR, 5397, 22, 245.318182, SNPR, 0, 22, 0.000000, ZIC, 3488, 22, 158.545455, ZIP, 2143, 22, 97.409091, ZIPSH, 4467, 22, 203.045455, 
data/demo/demo_0, 000366, 196, 199, GVWY, 2024, 22, 92.000000, SHVR, 5397, 22, 245.318182, SNPR, 0, 22, 0.000000, ZIC, 3502, 22, 159.181818, ZIP, 2147, 22, 97.590909, ZIPSH, 4467, 22, 203.045455, 
data/demo/demo_0, 000368, 195, 197, GVWY, 2024, 22, 92.000000, SHVR, 5397, 22, 245.318182, SNPR, 0, 22, 0.000000, ZIC, 3541, 22, 160.954545, ZIP, 2147, 22, 97.590909, ZIPSH, 4531, 22, 205.954545, 
data/demo/demo_0, 000368, 195, 199, GVWY, 2024, 22, 92.000000, SHVR, 5397, 22, 245.318182, SNPR, 0, 22, 0.000000, ZIC, 3652, 22, 166.000000, ZIP, 2147, 22, 97.590909, ZIPSH, 4600, 22, 209.090909, 
data/demo/demo_0, 000368, 195, 201, GVWY, 2024, 22, 92.000000, SHVR, 5397, 22, 245.318182, SNPR, 0, 22, 0.000000, ZIC, 3699, 22, 168.136364, ZIP, 2147, 22, 97.590909, ZIPSH, 4631, 22, 210.500000, 
data/demo/demo_0, 000368, 195, 201, GVWY, 2024, 22, 92.000000, SHVR, 5397, 22, 245.318182, SNPR, 0, 22, 0.000000, ZIC, 3711, 22, 168.681818, ZIP, 2246, 22, 102.090909, ZIPSH, 4631, 22, 210.500000, 
data/demo/demo_0, 000370, 194, 205, GVWY, 2024, 22, 92.000000, SHVR, 5397, 22, 245.318182, SNPR, 0, 22, 0.000000, ZIC, 3745, 22, 170.227273, ZIP, 2246, 22, 102.090909, ZIPSH, 4631, 22, 210.500000, 
data/demo/demo_0, 000375, 194, 205, GVWY, 2024, 22, 92.000000, SHVR, 5397, 22, 245.318182, SNPR, 0, 22, 0.000000, ZIC, 3819, 22, 173.590909, ZIP, 2246, 22, 102.090909, ZIPSH, 4631, 22, 210.500000, 
data/demo/demo_0, 000420, 183, 246, GVWY, 2072, 22, 94.181818, SHVR, 5397, 22, 245.318182, SNPR, 0, 22, 0.000000, ZIC, 3819, 22, 173.590909, ZIP, 2254, 22, 102.454545, ZIPSH, 4631, 22, 210.500000, 
data/demo/demo_0, 000420, 173, 203, GVWY, 2072, 22, 94.181818, SHVR, 5397, 22, 245.318182, SNPR, 0, 22, 0.000000, ZIC, 3882, 22, 176.454545, ZIP, 2254, 22, 102.454545, ZIPSH, 4631, 22, 210.500000, 
data/demo/demo_0, 000420, 191, 201, GVWY, 2072, 22, 94.181818, SHVR, 5499, 22, 249.954545, SNPR, 0, 22, 0.000000, ZIC, 3894, 22, 177.000000, ZIP, 2254, 22, 102.454545, ZIPSH, 4631, 22, 210.500000, 
data/demo/demo_0, 000420, 195, 198, GVWY, 2072, 22, 94.181818, SHVR, 5517, 22, 250.772727, SNPR, 0, 22, 0.000000, ZIC, 3943, 22, 179.227273, ZIP, 2254, 22, 102.454545, ZIPSH, 4631, 22, 210.500000, 
data/demo/demo_0, 000420, 195, 196, GVWY, 2187, 22, 99.409091, SHVR, 5634, 22, 256.090909, SNPR, 0, 22, 0.000000, ZIC, 3943, 22, 179.227273, ZIP, 2254, 22, 102.454545, ZIPSH, 4631, 22, 210.500000, 
data/demo/demo_0, 000420, 195, 198, GVWY, 2187, 22, 99.409091, SHVR, 5636, 22, 256.181818, SNPR, 0, 22, 0.000000, ZIC, 3943, 22, 179.227273, ZIP, 2254, 22, 102.454545, ZIPSH, 4699, 22, 213.590909, 
data/demo/demo_0, 000420, 193, 196, GVWY, 2187, 22, 99.409091, SHVR, 5636, 22, 256.181818, SNPR, 0, 22, 0.000000, ZIC, 3943, 22, 179.227273, ZIP, 2298, 22, 104.454545, ZIPSH, 4699, 22, 213.590909, 
data/demo/demo_0, 000421, 194, 196, GVWY, 2187, 22, 99.409091, SHVR, 5718, 22, 259.909091, SNPR, 0, 22, 0.000000, ZIC, 3943, 22, 179.227273, ZIP, 2330, 22, 105.909091, ZIPSH, 4699, 22, 213.590909, 
data/demo/demo_0, 000421, 193, 196, GVWY, 2187, 22, 99.409091, SHVR, 5718, 22, 259.909091, SNPR, 0, 22, 0.000000, ZIC, 3980, 22, 180.909091, ZIP, 2430, 22, 110.454545, ZIPSH, 4699, 22, 213.590909, 
data/demo/demo_0, 000421, 193, 196, GVWY, 2187, 22, 99.409091, SHVR, 5781, 22, 262.772727, SNPR, 0, 22, 0.000000, ZIC, 3980, 22, 180.909091, ZIP, 2430, 22, 110.454545, ZIPSH, 4699, 22, 213.590909, 
data/demo/demo_0, 000421, 193, 196, GVWY, 2187, 22, 99.409091, SHVR, 5781, 22, 262.772727, SNPR, 0, 22, 0.000000, ZIC, 3980, 22, 180.909091, ZIP, 2430, 22, 110.454545, ZIPSH, 4759, 22, 216.318182, 
data/demo/demo_0, 000421, 192, 196, GVWY, 2208, 22, 100.363636, SHVR, 5781, 22, 262.772727, SNPR, 0, 22, 0.000000, ZIC, 3980, 22, 180.909091, ZIP, 2430, 22, 110.454545, ZIPSH, 4808, 22, 218.545455, 
data/demo/demo_0, 000421, 193, 194, GVWY, 2208, 22, 100.363636, SHVR, 5781, 22, 262.772727, SNPR, 0, 22, 0.000000, ZIC, 3980, 22, 180.909091, ZIP, 2430, 22, 110.454545, ZIPSH, 4860, 22, 220.909091, 
data/demo/demo_0, 000421, 193, 195, GVWY, 2208, 22, 100.363636, SHVR, 5907, 22, 268.500000, SNPR, 0, 22, 0.000000, ZIC, 3980, 22, 180.909091, ZIP, 2430, 22, 110.454545, ZIPSH, 4960, 22, 225.454545, 
data/demo/demo_0, 000421, 193, 195, GVWY, 2208, 22, 100.363636, SHVR, 6010, 22, 273.181818, SNPR, 0, 22, 0.000000, ZIC, 3980, 22, 180.909091, ZIP, 2430, 22, 110.454545, ZIPSH, 4960, 22, 225.454545, 
data/demo/demo_0, 000422, 193, 195, GVWY, 2208, 22, 100.363636, SHVR, 6162, 22, 280.090909, SNPR, 0, 22, 0.000000, ZIC, 3980, 22, 180.909091, ZIP, 2430, 22, 110.454545, ZIPSH, 4960, 22, 225.454545, 
data/demo/demo_0, 000422, 193, 195, GVWY, 2292, 22, 104.181818, SHVR, 6162, 22, 280.090909, SNPR, 0, 22, 0.000000, ZIC, 3980, 22, 180.909091, ZIP, 2430, 22, 110.454545, ZIPSH, 4987, 22, 226.681818, 
data/demo/demo_0, 000422, 193, 196, GVWY, 2292, 22, 104.181818, SHVR, 6283, 22, 285.590909, SNPR, 0, 22, 0.000000, ZIC, 3980, 22, 180.909091, ZIP, 2430, 22, 110.454545, ZIPSH, 5051, 22, 229.590909, 
data/demo/demo_0, 000422, 193, 196, GVWY, 2345, 22, 106.590909, SHVR, 6283, 22, 285.590909, SNPR, 0, 22, 0.000000, ZIC, 3980, 22, 180.909091, ZIP, 2502, 22, 113.727273, ZIPSH, 5051, 22, 229.590909, 
data/demo/demo_0, 000422, 193, 197, GVWY, 2345, 22, 106.590909, SHVR, 6283, 22, 285.590909, SNPR, 0, 22, 0.000000, ZIC, 4092, 22, 186.000000, ZIP, 2548, 22, 115.818182, ZIPSH, 5051, 22, 229.590909, 
data/demo/demo_0, 000423, 193, 195, GVWY, 2345, 22, 106.590909, SHVR, 6283, 22, 285.590909, SNPR, 0, 22, 0.000000, ZIC, 4194, 22, 190.636364, ZIP, 2612, 22, 118.727273, ZIPSH, 5051, 22, 229.590909, 
data/demo/demo_0, 000424, 193, 196, GVWY, 2345, 22, 106.590909, SHVR, 6283, 22, 285.590909, SNPR, 0, 22, 0.000000, ZIC, 4300, 22, 195.454545, ZIP, 2672, 22, 121.454545, ZIPSH, 5051, 22, 229.590909, 
data/demo/demo_0, 000424, 193, 196, GVWY, 2345, 22, 106.590909, SHVR, 6283, 22, 285.590909, SNPR, 0, 22, 0.000000, ZIC, 4339, 22, 197.227273, ZIP, 2672, 22, 121.454545, ZIPSH, 5160, 22, 234.545455, 
data/demo/demo_0, 000425, 193, 197, GVWY, 2345, 22, 106.590909, SHVR, 6292, 22, 286.000000, SNPR, 0, 22, 0.000000, ZIC, 4396, 22, 199.818182, ZIP, 2672, 22, 121.454545, ZIPSH, 5160, 22, 234.545455, 
data/demo/demo_0, 000444, 193, 198, GVWY, 2345, 22, 106.590909, SHVR, 6292, 22, 286.000000, SNPR, 0, 22, 0.000000, ZIC, 4409, 22, 200.409091, ZIP, 2672, 22, 121.454545, ZIPSH, 5195, 22, 236.136364, 
data/demo/demo_0, 000458, 193, 198, GVWY, 2345, 22, 106.590909, SHVR, 6292, 22, 286.000000, SNPR, 0, 22, 0.000000, ZIC, 4463, 22, 202.863636, ZIP, 2672, 22, 121.454545, ZIPSH, 5277, 22, 239.863636, 
data/demo/demo_0, 000464, 193, 198, GVWY, 2345, 22, 106.590909, SHVR, 6292, 22, 286.000000, SNPR, 0, 22, 0.000000, ZIC, 4473, 22, 203.318182, ZIP, 2672, 22, 121.454545, ZIPSH, 5322, 22, 241.909091, 
data/demo/demo_0, 000480, 94, 334, GVWY, 2428, 22, 110.363636, SHVR, 6292, 22, 286.000000, SNPR, 0, 22, 0.000000, ZIC, 4473, 22, 203.318182, ZIP, 2672, 22, 121.454545, ZIPSH, 5424, 22, 246.545455, 
data/demo/demo_0, 000480, 94, 334, GVWY, 2451, 22, 111.409091, SHVR, 6292, 22, 286.000000, SNPR, 0, 22, 0.000000, ZIC, 4473, 22, 203.318182, ZIP, 2672, 22, 121.454545, ZIPSH, 5424, 22, 246.545455, 
data/demo/demo_0, 000480, 227, 233, GVWY, 2451, 22, 111.409091, SHVR, 6379, 22, 289.954545, SNPR, 0, 22, 0.000000, ZIC, 4473, 22, 203.318182, ZIP, 2672, 22, 121.454545, ZIPSH, 5489, 22, 249.500000, 
data/demo/demo_0, 000480, 227, 278, GVWY, 2451, 22, 111.409091, SHVR, 6379, 22, 289.954545, SNPR, 0, 22, 0.000000, ZIC, 4473, 22, 203.318182, ZIP, 2685, 22, 122.045455, ZIPSH, 5516, 22, 250.727273, 
data/demo/demo_0, 000480, 227, 256, GVWY, 2451, 22, 111.409091, SHVR, 6379, 22, 289.954545, SNPR, 0, 22, 0.000000, ZIC, 4473, 22, 203.318182, ZIP, 2685, 22, 122.045455, ZIPSH, 5597, 22, 254.409091, 
data/demo/demo_0, 000480, 223, 256, GVWY, 2451, 22, 111.409091, SHVR, 6379, 22, 289.954545, SNPR, 0, 22, 0.000000, ZIC, 4473, 22, 203.318182, ZIP, 2785, 22, 126.590909, ZIPSH, 5597, 22, 254.409091, 
data/demo/demo_0, 000480, 235, 237, GVWY, 2451, 22, 111.409091, SHVR, 6406, 22, 291.181818, SNPR, 47, 22, 2.136364, ZIC, 4473, 22, 203.318182, ZIP, 2785, 22, 126.590909, ZIPSH, 5597, 22, 254.409091, 
data/demo/demo_0, 000480, 223, 237, GVWY, 2451, 22, 111.409091, SHVR, 6406, 22, 291.181818, SNPR, 177, 22, 8.045455, ZIC, 4473, 22, 203.318182, ZIP, 2785, 22, 126.590909, ZIPSH, 5637, 22, 256.227273, 
data/demo/demo_0, 000480, 231, 235, GVWY, 2451, 22, 111.409091, SHVR, 6441, 22, 292.772727, SNPR, 230, 22, 10.454545, ZIC, 4473, 22, 203.318182, ZIP, 2785, 22, 126.590909, ZIPSH, 5637, 22, 256.227273, 
data/demo/demo_0, 000480, 231, 234, GVWY, 2451, 22, 111.409091, SHVR, 6561, 22, 298.227273, SNPR, 287, 22, 13.045455, ZIC, 4473, 22, 203.318182, ZIP, 2785, 22, 126.590909, ZIPSH, 5637, 22, 256.227273, 
data/demo/demo_0, 000481, 226, 234, GVWY, 2451, 22, 111.409091, SHVR, 6561, 22, 298.227273, SNPR, 287, 22, 13.045455, ZIC, 4586, 22, 208.454545, ZIP, 2785, 22, 126.590909, ZIPSH, 5646, 22, 256.636364, 
data/demo/demo_0, 000481, 227, 233, GVWY, 2451, 22, 111.409091, SHVR, 6561, 22, 298.227273, SNPR, 287, 22, 13.045455, ZIC, 4586, 22, 208.454545, ZIP, 2785, 22, 126.590909, ZIPSH, 5653, 22, 256.954545, 
data/demo/demo_0, 000481, 226, 233, GVWY, 2451, 22, 111.409091, SHVR, 6654, 22, 302.454545, SNPR, 287, 22, 13.045455, ZIC, 4586, 22, 208.454545, ZIP, 2785, 22, 126.590909, ZIPSH, 5653, 22, 256.954545, 
data/demo/demo_0, 000481, 226, 231, GVWY, 2508, 22, 114.000000, SHVR, 6654, 22, 302.454545, SNPR, 287, 22, 13.045455, ZIC, 4586, 22, 208.454545, ZIP, 2785, 22, 126.590909, ZIPSH, 5655, 22, 257.045455, 
data/demo/demo_0, 000481, 226, 231, GVWY, 2508, 22, 114.000000, SHVR, 6654, 22, 302.454545, SNPR, 370, 22, 16.818182, ZIC, 4665, 22, 212.045455, ZIP, 2785, 22, 126.590909, ZIPSH, 5655, 22, 257.045455, 
data/demo/demo_0, 000481, 226, 231, GVWY, 2508, 22, 114.000000, SHVR, 6654, 22, 302.454545, SNPR, 370, 22, 16.818182, ZIC, 4735, 22, 215.227273, ZIP, 2811, 22, 127.772727, ZIPSH, 5655, 22, 257.045455, 
data/demo/demo_0, 000481, 228, 231, GVWY, 2508, 22, 114.000000, SHVR, 6693, 22, 304.227273, SNPR, 516, 22, 23.454545, ZIC, 4735, 22, 215.227273, ZIP, 2811, 22, 127.772727, ZIPSH, 5655, 22, 257.045455, 
data/demo/demo_0, 000481, 226, 231, GVWY, 2508, 22, 114.000000, SHVR, 6693, 22, 304.227273, SNPR, 593, 22, 26.954545, ZIC, 4751, 22, 215.954545, ZIP, 2811, 22, 127.772727, ZIPSH, 5655, 22, 257.045455, 
data/demo/demo_0, 000481, 226, 231, GVWY, 2655, 22, 120.681818, SHVR, 6778, 22, 308.090909, SNPR, 593, 22, 26.954545, ZIC, 4751, 22, 215.954545, ZIP, 2811, 22, 127.772727, ZIPSH, 5655, 22, 257.045455, 
data/demo/demo_0, 000481, 226, 229, GVWY, 2655, 22, 120.681818, SHVR, 6778, 22, 308.090909, SNPR, 667, 22, 30.318182, ZIC, 4751, 22, 215.954545, ZIP, 2811, 22, 127.772727, ZIPSH, 5655, 22, 257.045455, 
data/demo/demo_0, 000481, 223, 229, GVWY, 2655, 22, 120.681818, SHVR, 6778, 22, 308.090909, SNPR, 667, 22, 30.318182, ZIC, 4820, 22, 219.090909, ZIP, 2812, 22, 127.818182, ZIPSH, 5655, 22, 257.045455, 
data/demo/demo_0, 000481, 223, 229, GVWY, 2677, 22, 121.681818, SHVR, 6778, 22, 308.090909, SNPR, 667, 22, 30.318182, ZIC, 4820, 22, 219.090909, ZIP, 2846, 22, 129.363636, ZIPSH, 5655, 22, 257.045455, 
data/demo/demo_0, 000482, 222, 226, GVWY, 2677, 22, 121.681818, SHVR, 6850, 22, 311.363636, SNPR, 790, 22, 35.909091, ZIC, 4820, 22, 219.090909, ZIP, 2846, 22, 129.363636, ZIPSH, 5655, 22, 257.045455, 
data/demo/demo_0, 000483, 219, 224, GVWY, 2677, 22, 121.681818, SHVR, 6886, 22, 313.000000, SNPR, 790, 22, 35.909091, ZIC, 4820, 22, 219.090909, ZIP, 2846, 22, 129.363636, ZIPSH, 5656, 22, 257.090909, 
data/demo/demo_0, 000483, 216, 221, GVWY, 2677, 22, 121.681818, SHVR, 6926, 22, 314.818182, SNPR, 790, 22, 35.909091, ZIC, 4820, 22, 219.090909, ZIP, 2847, 22, 129.409091, ZIPSH, 5656, 22, 257.090909, 
data/demo/demo_0, 000483, 204, 218, GVWY, 2677, 22, 121.681818, SHVR, 6926, 22, 314.818182, SNPR, 790, 22, 35.909091, ZIC, 4897, 22, 222.590909, ZIP, 2847, 22, 129.409091, ZIPSH, 5656, 22, 257.090909, 
data/demo/demo_0, 000485, 204, 207, GVWY, 2677, 22, 121.681818, SHVR, 6979, 22, 317.227273, SNPR, 790, 22, 35.909091, ZIC, 4944, 22, 224.727273, ZIP, 2847, 22, 129.409091, ZIPSH, 5656, 22, 257.090909, 
data/demo/demo_0, 000485, 198, 207, GVWY, 2677, 22, 121.681818, SHVR, 6979, 22, 317.227273, SNPR, 885, 22, 40.227273, ZIC, 4944, 22, 224.727273, ZIP, 2848, 22, 129.454545, ZIPSH, 5656, 22, 257.090909, 
data/demo/demo_0, 000486, 198, 204, GVWY, 2677, 22, 121.681818, SHVR, 7080, 22, 321.818182, SNPR, 885, 22, 40.227273, ZIC, 4944, 22, 224.727273, ZIP, 2850, 22, 129.545455, ZIPSH, 5656, 22, 257.090909, 
data/demo/demo_0, 000486, 194, 199, GVWY, 2677, 22, 121.681818, SHVR, 7080, 22, 321.818182, SNPR, 885, 22, 40.227273, ZIC, 5051, 22, 229.590909, ZIP, 2850, 22, 129.545455, ZIPSH, 5656, 22, 257.090909, 
data/demo/demo_0, 000489, 194, 198, GVWY, 2677, 22, 121.681818, SHVR, 7080, 22, 321.818182, SNPR, 885, 22, 40.227273, ZIC, 5100, 22, 231.818182, ZIP, 2897, 22, 131.681818, ZIPSH, 5656, 22, 257.090909, 
data/demo/demo_0, 000491, 194, 195, GVWY, 2677, 22, 121.681818, SHVR, 7159, 22, 325.409091, SNPR, 885, 22, 40.227273, ZIC, 5114, 22, 232.454545, ZIP, 2897, 22, 131.681818, ZIPSH, 5656, 22, 257.090909, 
data/demo/demo_0, 000493, 194, 195, GVWY, 2677, 22, 121.681818, SHVR, 7159, 22, 325.409091, SNPR, 885, 22, 40.227273, ZIC, 5131, 22, 233.227273, ZIP, 2897, 22, 131.681818, ZIPSH, 5690, 22, 258.636364, 
data/demo/demo_0, 000494, 190, 195, GVWY, 2677, 22, 121.681818, SHVR, 7159, 22, 325.409091, SNPR, 885, 22, 40.227273, ZIC, 5131, 22, 233.227273, ZIP, 2897, 22, 131.681818, ZIPSH, 5797, 22, 263.500000, 
data/demo/demo_0, 000496, 190, 195, GVWY, 2677, 22, 121.681818, SHVR, 7159, 22, 325.409091, SNPR, 885, 22, 40.227273, ZIC, 5172, 22, 235.090909, ZIP, 2897, 22, 131.681818, ZIPSH, 5863, 22, 266.500000, 
data/demo/demo_0, 000504, 187, 192, GVWY, 2677, 22, 121.681818, SHVR, 7159, 22, 325.409091, SNPR, 885, 22, 40.227273, ZIC, 5179, 22, 235.409091, ZIP, 2897, 22, 131.681818, ZIPSH, 5863, 22, 266.500000, 
data/demo/demo_0, 000540, 194, 208, GVWY, 2677, 22, 121.681818, SHVR, 7277, 22, 330.772727, SNPR, 885, 22, 40.227273, ZIC, 5179, 22, 235.409091, ZIP, 2897, 22, 131.681818, ZIPSH, 5970, 22, 271.363636, 
data/demo/demo_0, 000540, 194, 208, GVWY, 2677, 22, 121.681818, SHVR, 7379, 22, 335.409091, SNPR, 885, 22, 40.227273, ZIC, 5179, 22, 235.409091, ZIP, 2897, 22, 131.681818, ZIPSH, 6004, 22, 272.909091, 
data/demo/demo_0, 000540, 194, 222, GVWY, 2748, 22, 124.909091, SHVR, 7379, 22, 335.409091, SNPR, 885, 22, 40.227273, ZIC, 5230, 22, 237.727273, ZIP, 2897, 22, 131.681818, ZIPSH, 6004, 22, 272.909091, 
data/demo/demo_0, 000540, 195, 199, GVWY, 2748, 22, 124.909091, SHVR, 7379, 22, 335.409091, SNPR, 992, 22, 45.090909, ZIC, 5230, 22, 237.727273, ZIP, 2971, 22, 135.045455, ZIPSH, 6004, 22, 272.909091, 
data/demo/demo_0, 000540, 196, 199, GVWY, 2748, 22, 124.909091, SHVR, 7379, 22, 335.409091, SNPR, 1087, 22, 49.409091, ZIC, 5230, 22, 237.727273, ZIP, 3068, 22, 139.454545, ZIPSH, 6004, 22, 272.909091, 
data/demo/demo_0, 000540, 196, 199, GVWY, 2799, 22, 127.227273, SHVR, 7424, 22, 337.454545, SNPR, 1087, 22, 49.409091, ZIC, 5230, 22, 237.727273, ZIP, 3068, 22, 139.454545, ZIPSH, 6004, 22, 272.909091, 
data/demo/demo_0, 000540, 195, 199, GVWY, 2799, 22, 127.227273, SHVR, 7548, 22, 343.090909, SNPR, 1137, 22, 51.681818, ZIC, 5230, 22, 237.727273, ZIP, 3068, 22, 139.454545, ZIPSH, 6004, 22, 272.909091, 
data/demo/demo_0, 000540, 194, 199, GVWY, 2799, 22, 127.227273, SHVR, 7569, 22, 344.045455, SNPR, 1249, 22, 56.772727, ZIC, 5230, 22, 237.727273, ZIP, 3068, 22, 139.454545, ZIPSH, 6004, 22, 272.909091, 
data/demo/demo_0, 000540, 194, 199, GVWY, 2799, 22, 127.227273, SHVR, 7642, 22, 347.363636, SNPR, 1249, 22, 56.772727, ZIC, 5305, 22, 241.136364, ZIP, 3068, 22, 139.454545, ZIPSH, 6004, 22, 272.909091, 
data/demo/demo_0, 000540, 194, 199, GVWY, 2799, 22, 127.227273, SHVR, 7642, 22, 347.363636, SNPR, 1253, 22, 56.954545, ZIC, 5305, 22, 241.136364, ZIP, 3094, 22, 140.636364, ZIPSH, 6004, 22, 272.909091, 
data/demo/demo_0, 000540, 194, 199, GVWY, 2799, 22, 127.227273, SHVR, 7653, 22, 347.863636, SNPR, 1341, 22, 60.954545, ZIC, 5305, 22, 241.136364, ZIP, 3094, 22, 140.636364, ZIPSH, 6004, 22, 272.909091, 
data/demo/demo_0, 000541, 194, 199, GVWY, 2799, 22, 127.227273, SHVR, 7653, 22, 347.863636, SNPR, 1426, 22, 64.818182, ZIC, 5305, 22, 241.136364, ZIP, 3094, 22, 140.636364, ZIPSH, 6060, 22, 275.454545, 
data/demo/demo_0, 000541, 194, 198, GVWY, 2913, 22, 132.409091, SHVR, 7653, 22, 347.863636, SNPR, 1426, 22, 64.818182, ZIC, 5305, 22, 241.136364, ZIP, 3094, 22, 140.636364, ZIPSH, 6060, 22, 275.454545, 
data/demo/demo_0, 000541, 193, 198, GVWY, 2913, 22, 132.409091, SHVR, 7653, 22, 347.863636, SNPR, 1515, 22, 68.863636, ZIC, 5305, 22, 241.136364, ZIP, 3094, 22, 140.636364, ZIPSH, 6104, 22, 277.454545, 
data/demo/demo_0, 000541, 193, 198, GVWY, 2913, 22, 132.409091, SHVR, 7653, 22, 347.863636, SNPR, 1515, 22, 68.863636, ZIC, 5354, 22, 243.363636, ZIP, 3094, 22, 140.636364, ZIPSH, 6207, 22, 282.136364, 
data/demo/demo_0, 000541, 193, 198, GVWY, 2913, 22, 132.409091, SHVR, 7653, 22, 347.863636, SNPR, 1607, 22, 73.045455, ZIC, 5354, 22, 243.363636, ZIP, 3142, 22, 142.818182, ZIPSH, 6207, 22, 282.136364, 
data/demo/demo_0, 000542, 193, 196, GVWY, 2913, 22, 132.409091, SHVR, 7853, 22, 356.954545, SNPR, 1607, 22, 73.045455, ZIC, 5354, 22, 243.363636, ZIP, 3142, 22, 142.818182, ZIPSH, 6207, 22, 282.136364, 
data/demo/demo_0, 000542, 193, 194, GVWY, 2913, 22, 132.409091, SHVR, 7857, 22, 357.136364, SNPR, 1607, 22, 73.045455, ZIC, 5354, 22, 243.363636, ZIP, 3142, 22, 142.818182, ZIPSH, 6270, 22, 285.000000, 
data/demo/demo_0, 000542, 193, 194, GVWY, 2913, 22, 132.409091, SHVR, 7857, 22, 357.136364, SNPR, 1607, 22, 73.045455, ZIC, 5354, 22, 243.363636, ZIP, 3200, 22, 145.454545, ZIPSH, 6308, 22, 286.727273, 
data/demo/demo_0, 000542, 193, 194, GVWY, 2913, 22, 132.409091, SHVR, 7857, 22, 357.136364, SNPR, 1691, 22, 76.863636, ZIC, 5354, 22, 243.363636, ZIP, 3212, 22, 146.000000, ZIPSH, 6308, 22, 286.727273, 
data/demo/demo_0, 000542, 192, 194, GVWY, 2913, 22, 132.409091, SHVR, 7952, 22, 361.454545, SNPR, 1691, 22, 76.863636, ZIC, 5354, 22, 243.363636, ZIP, 3246, 22, 147.545455, ZIPSH, 6308, 22, 286.727273, 
data/demo/demo_0, 000543, 192, 195, GVWY, 2913, 22, 132.409091, SHVR, 7952, 22, 361.454545, SNPR, 1761, 22, 80.045455, ZIC, 5354, 22, 243.363636, ZIP, 3264, 22, 148.363636, ZIPSH, 6308, 22, 286.727273, 
data/demo/demo_0, 000543, 192, 195, GVWY, 2913, 22, 132.409091, SHVR, 7952, 22, 361.454545, SNPR, 1761, 22, 80.045455, ZIC, 5455, 22, 247.954545, ZIP, 3264, 22, 148.363636, ZIPSH, 6358, 22, 289.000000, 
data/demo/demo_0, 000543, 192, 194, GVWY, 2913, 22, 132.409091, SHVR, 7965, 22, 362.045455, SNPR, 1761, 22, 80.045455, ZIC, 5455, 22, 247.954545, ZIP, 3329, 22, 151.318182, ZIPSH, 6358, 22, 289.000000, 
data/demo/demo_0, 000543, 192, 195, GVWY, 2913, 22, 132.409091, SHVR, 7965, 22, 362.045455, SNPR, 1761, 22, 80.045455, ZIC, 5562, 22, 252.818182, ZIP, 3329, 22, 151.318182, ZIPSH, 6424, 22, 292.000000, 
data/demo/demo_0, 000543, 192, 195, GVWY, 2913, 22, 132.409091, SHVR, 7965, 22, 362.045455, SNPR, 1761, 22, 80.045455, ZIC, 5576, 22, 253.454545, ZIP, 3329, 22, 151.318182, ZIPSH, 6451, 22, 293.227273, 
data/demo/demo_0, 000543, 191, 195, GVWY, 2933, 22, 133.318182, SHVR, 7965, 22, 362.045455, SNPR, 1761, 22, 80.045455, ZIC, 5576, 22, 253.454545, ZIP, 3329, 22, 151.318182, ZIPSH, 6483, 22, 294.681818, 
data/demo/demo_0, 000544, 192, 195, GVWY, 2933, 22, 133.318182, SHVR, 8046, 22, 365.727273, SNPR, 1761, 22, 80.045455, ZIC, 5594, 22, 254.272727, ZIP, 3329, 22, 151.318182, ZIPSH, 6483, 22, 294.681818, 
data/demo/demo_0, 000544, 193, 195, GVWY, 3010, 22, 136.818182, SHVR, 8046, 22, 365.727273, SNPR, 1761, 22, 80.045455, ZIC, 5594, 22, 254.272727, ZIP, 3329, 22, 151.318182, ZIPSH, 6514, 22, 296.090909, 
data/demo/demo_0, 000545, 192, 198, GVWY, 3010, 22, 136.818182, SHVR, 8046, 22, 365.727273, SNPR, 1761, 22, 80.045455, ZIC, 5634, 22, 256.090909, ZIP, 3330, 22, 151.363636, ZIPSH, 6514, 22, 296.090909, 
data/demo/demo_0, 000546, 192, 201, GVWY, 3010, 22, 136.818182, SHVR, 8046, 22, 365.727273, SNPR, 1761, 22, 80.045455, ZIC, 5744, 22, 261.090909, ZIP, 3330, 22, 151.363636, ZIPSH, 6514, 22, 296.090909, 
data/demo/demo_0, 000547, 192, 206, GVWY, 3010, 22, 136.818182, SHVR, 8046, 22, 365.727273, SNPR, 1761, 22, 80.045455, ZIC, 5796, 22, 263.454545, ZIP, 3330, 22, 151.363636, ZIPSH, 6514, 22, 296.090909, 
data/demo/demo_0, 000549, 191, 206, GVWY, 3010, 22, 136.818182, SHVR, 8046, 22, 365.727273, SNPR, 1761, 22, 80.045455, ZIC, 5848, 22, 265.818182, ZIP, 3330, 22, 151.363636, ZIPSH, 6583, 22, 299.227273, 
data/demo/demo_0, 000551, 190, 206, GVWY, 3010, 22, 136.818182, SHVR, 8046, 22, 365.727273, SNPR, 1761, 22, 80.045455, ZIC, 5855, 22, 266.136364, ZIP, 3341, 22, 151.863636, ZIPSH, 6583, 22, 299.227273, 
data/demo/demo_0, 000600, 190, 206, GVWY, 3010, 22, 136.818182, SHVR, 8046, 22, 365.727273, SNPR, 1761, 22, 80.045455, ZIC, 5855, 22, 266.136364, ZIP, 3341, 22, 151.863636, ZIPSH, 6583, 22, 299.227273, 
